{"cameraMode":{"drawMode":0,"name":"Shaded","section":"Shading Mode"},"sceneLighting":false,"audioPlay":false,"sceneViewState":{"showFog":true,"showMaterialUpdate":false,"showSkybox":true,"showFlares":true,"showImageEffects":true,"showParticleSystems":true},"in2DMode":false,"pivot":{"x":0.0002731792628765106,"y":0.0019495859742164612,"z":0.0005303546786308289},"rotation":{"x":-0.02567627653479576,"y":0.9741204380989075,"z":-0.168528214097023,"w":-0.14841927587985993},"size":0.26890093088150027,"orthographic":false}