{"cameraMode":{"drawMode":0,"name":"Shaded","section":"Shading Mode"},"sceneLighting":false,"audioPlay":false,"sceneViewState":{"showFog":true,"showMaterialUpdate":false,"showSkybox":true,"showFlares":true,"showImageEffects":true,"showParticleSystems":true},"in2DMode":false,"pivot":{"x":0.00722871720790863,"y":-0.02760062739253044,"z":-0.02084890380501747},"rotation":{"x":0.01307748630642891,"y":0.942256510257721,"z":-0.33257922530174258,"w":0.037050604820251468},"size":0.24524438381195069,"orthographic":false}